{"Fid":"e6jfMLkYQZO1lV4YulU8ln","Status":3,"AuthToken":"eyJhbGciOiJFUzI1NiIsInR5cCI6IkpXVCJ9.eyJhcHBJZCI6IjE6NDk0NTk3NDQ1MDE0OmFuZHJvaWQ6Nzc5ZDc5Zjc1MTgzYmY2NSIsImV4cCI6MTc2ODgyOTQ1NCwiZmlkIjoiZTZqZk1Ma1lRWk8xbFY0WXVsVThsbiIsInByb2plY3ROdW1iZXIiOjQ5NDU5NzQ0NTAxNH0.AB2LPV8wRAIgZJ1ZzQ31EAdvh0OxaHX6FOq7z5Rzqw3R-TehaOUbTjACIHfZ4ydSDfXoAbinqWMbMcSBlgARVm5Epbucze6zTzUS","RefreshToken":"3_AS3qfwLO6LByvYeg9xvUH2Sw4oaNSRjJpAfJlAFNiF0kCjkQJAj8p61IL5dYvFF8xjFCmuFLzr09F23pDc70lYwxiQeAVhNJSs7POTnvPYR_i9Y","TokenCreationEpochInSecs":1768224654,"ExpiresInSecs":604800}