{"configs_key":{"a":"fbrc","a225_cheetah_on":"false","a325_apps_required":"false","d2471_disable_auto_on":"false","d2573_variant":"1","d2574_experiment":"0","d2574_sku1":"hssa.monthly.499.turbo1","d2574_sku2":"hssa.monthly.599.ft7d.turbo1","d2633_experiment":"1","d2694_experiment":"0","d2797_cap":"15","d2944_conf_limit":"6","d2952_promo_cfg":"[{\"pkg\": \"com.northghost.appsecurity\", \"link\": \"market:\/\/details?id=com.northghost.appsecurity&referrer=utm_source%3DHSSUI%26utm_medium%3DHSSUI%26utm_campaign%3DHSSUI_gifticon\"},   {\"pkg\": \"com.radiomojdeh\", \"link\": \"market:\/\/details?id=com.radiomojdeh&referrer=utm_source%3DAdprovider%26utm_content%3DAFGB\", \"countries\": [\"ir\",\"432\"]},   {\"pkg\": \"com.anchorfree.personalserver\", \"link\": \"market:\/\/details?id=com.anchorfree.personalserver&referrer=utm_source%3DHSS%26utm_medium%3DHSS%26utm_campaign%3DHSS_ui_gifticon\", \"countries\": [\"id\",\"pk\",\"us\",\"tr\",\"tj\",\"in\",\"ma\",\"gm\",\"bh\",\"eg\",\"om\",\"kr\",\"ru\",\"kw\",\"gb\",\"br\",\"de\",\"mx\",\"it\",\"vn\",\"ca\",\"au\",\"tw\",\"310\",\"311\",\"312\",\"313\",\"314\",\"315\",\"316\",\"234\",\"235\",\"510\",\"410\",\"286\",\"450\",\"250\",\"724\",\"302\",\"262\"]}]","d3050_ausage":"0","d3058_trial_sku":"","d3077_fg_sv":"false","d3137_mc":"true","d3167_app_list":"org.telegram.messenger,com.android.chrome,com.facebook.katana,com.instagram.android,com.whatsapp,jp.naver.line.android,com.google.android.youtube,com.sec.android.app.sbrowser,com.supercell.clashofclans,com.beetalk,com.mxtech.videoplayer.ad,com.UCMobile.intl,org.mozilla.firefox,com.imo.android.imoim,com.viber.voip,com.facebook.orca,com.bbm,com.sgiggle.production,com.cleanmaster.security,com.cleanmaster.mguard,org.telegram.plus,ir.divar,com.snapchat.android,com.psiphon3,com.twitter.android,kik.android,com.dewmobile.kuaiya.play,com.uc.browser.en,com.dailymotion.dailymotion,com.imo.android.imoimbeta,com.skype.raider,com.qihoo.security,com.king.candycrushsaga,com.tencent.mm,com.google.android.talk,com.opera.mini.native,com.kakao.talk,com.yahoo.mobile.client.android.mail,com.netflix.mediaclient,net.telewebion,com.kiloo.subwaysurf,com.domobile.applock,com.facebook.lite,com.pandora.android,com.instanza.baba,com.spotify.music,com.path,com.miniclip.eightballpool,com.utorrent.client,com.instanza.cocovoice,com.bsb.hike,com.supercell.hayday,com.masarat.salati,com.soundcloud.android,com.digikala,net.zedge.android,com.surpax.ledflashlight.panel,com.kokteyl.mackolik,com.picsart.studio,org.hola,flipboard.app,com.google.earth,com.dropbox.android,com.tripadvisor.tripadvisor,com.evernote,tv.peel.samsung.app,com.supercell.clashroyale,com.shazam.android,com.linkedin.android,com.amazon.kindle,com.sec.android.app.music,com.dsi.ant.service.socket,com.sec.android.app.shealth,com.microsoft.skydrive,flipboard.boxer.app,com.microsoft.office.word,com.microsoft.office.excel,com.microsoft.office.powerpoint,cn.wps.moffice_eng,com.blurb.checkout,com.mobiliha.badesaba,com.microsoft.office.onenote,com.huawei.hwid,fast.dic.dict,com.venticake.retrica,com.samsung.android.snote,com.instagram.layout,com.radiojavan.androidradio,com.neuralprisma,co.palang.QuizOfKings,com.sonyericsson.music,net.mbc.shahid,com.sec.android.widgetapp.diotek.smemo,com.telly,com.srin.indramayu,com.springwalk.mediaconverter,com.tencent.ibg.joox,com.jrzheng.supervpnfree,com.truecaller,sg.bigo.live,com.joeware.android.gpulumera,com.sahibinden,com.app.tokobagus.betterb,com.tokopedia.tkpd,com.mobileposse.client,com.cmcm.whatscall,com.souq.app,com.roidapp.photogrid,com.gotv.nflgamecenter.us.lite,com.srin.garut,com.bitstrips.imoji,com.bukalapak.android,com.booking,com.amazon.mp3,com.smule.singandroid,com.traveloka.android,com.meb.vbsmobil,tv.peel.smartremote,com.setk.widget,com.samsungfunclub,com.foursquare.robin,com.abtnprojects.ambatana,net.one97.paytm,tr.gov.turkiye.edevlet.kapisi,com.revesoft.itelmobiledialer.dialer,com.olx.pk,com.flipkart.android,in.amazon.mShop.android.shopping,com.dridev.kamusku,com.jio.myjio,net.jawaly.number_book,com.mobeam.barcodeService,com.naver.linewebtoon,com.telepacket.TpSmart,sa.gov.moi,com.ziraat.ziraatmobil,com.nhn.android.webtoon,com.mobilturk.scocuk,com.garanti.cepsubesi,com.pozitron.iscep,ru.yandex.yandexnavi,in.startv.hotstar,com.teenpatti.hd.gold,com.digiturkplay.mobil,com.iloen.melon,Com.sktelecom.minit,com.readjournal.hurriyetegazete,com.jio.join,com.jio.jioplay.tv,com.cam001.selfie,com.nhn.android.naverplayer,com.careem.acma,com.dubizzle.horizontal,com.dictionary.englishurdu,com.psiphon3.subscription,kr.co.nowcom.mobile.afreeca,com.elevenst,com.ktshow.cs,com.snapdeal.main","d3167_placement_id":"ca-app-pub-4751437627903161\/9502422534","d3167_timeout":"2","d3201_back_as_x":"true","hide_quit":"false","hss_timewall_fallback_video":"https:\/\/elite-s3-bucket.s3.amazonaws.com\/90cb8ec4-9244-11f0-aeef-02ffccf87ea7.mp4","hss_timewall_fallback_video_click":"https:\/\/play.google.com\/store\/apps\/details?id=hotspotshield.android.roboshield","lock_screen_feature_on":"false","optin_trial_sku":"hssa.monthly.1199.ft7d","remove_protected_users":"F81AF724F70E13283E29CAC65E460507,FFAE3B9CDB32EBB43FFEF941988EC52E","turbo_threshold":"5","valid":"true"},"fetch_time_key":1768421530777,"abt_experiments_key":[],"personalization_metadata_key":{},"template_version_number_key":126,"rollout_metadata_key":[]}