{"Fid":"fAqVKiY5Sx6q0cv3dyj8qr","Status":3,"AuthToken":"eyJhbGciOiJFUzI1NiIsInR5cCI6IkpXVCJ9.eyJhcHBJZCI6IjE6NzU0Nzk1NjE0MDQyOmFuZHJvaWQ6YzY4MmI4MTQ0YThkZDUyYmMxYWQ2MyIsImV4cCI6MTc2OTAyNjMzMiwiZmlkIjoiZkFxVktpWTVTeDZxMGN2M2R5ajhxciIsInByb2plY3ROdW1iZXIiOjc1NDc5NTYxNDA0Mn0.AB2LPV8wRgIhALJ4g-Gxdo1P1hNJKMUHYUihE9Rvk-wdeuzGMLB0O2ylAiEA630eVZieodfC_ucEcA23meJ759YpF8_nyOp_jYfdz7M","RefreshToken":"3_AS3qfwLB_YqiWbhcOhdn0hoHQq6qd4QiwOKq-fX_MuAK6bxRPgTXhBGeHvT167D2t__ZRWpZntb-RO6lzQriTkYLYMMm4Vkqkj1ab95Js2IRyV0","TokenCreationEpochInSecs":1768421532,"ExpiresInSecs":604800}