{"Fid":"fw1jM0p9R7q9q64pBjgDHY","Status":3,"AuthToken":"eyJhbGciOiJFUzI1NiIsInR5cCI6IkpXVCJ9.eyJhcHBJZCI6IjE6ODIxNzYwNzQ4MTM4OmFuZHJvaWQ6N2UzZTRhN2MwY2Q0OTIyNyIsImV4cCI6MTc2OTAyNjMzMSwiZmlkIjoiZncxak0wcDlSN3E5cTY0cEJqZ0RIWSIsInByb2plY3ROdW1iZXIiOjgyMTc2MDc0ODEzOH0.AB2LPV8wRQIgdzsV8eNWwgPAseUtBEzwknJyxJMrNk0-LycnEOIfqBoCIQDeOixImllTX1TZRTS7VCP1mnhqv_oGjhsYFpZTOC_NDQ","RefreshToken":"3_AS3qfwLsomAhokoBRkYtwZHYURF-qGUBLqPf3mYvgwQ4vJ4SEGnFNED_e48InuJ9X7XmiVRXXtby6gU1rgv6wCZDhR1Z03pnDjXBMhPyeZ5UoGg","TokenCreationEpochInSecs":1768421531,"ExpiresInSecs":604800}