{"userAttributes":[],"offerings":{},"screens":{"pres_ShoFGAZxgLY3GS7YGr7YyMIs25U15ufn":{"vendorId":"and_optin_v2_timeline","internalId":"pres_ShoFGAZxgLY3GS7YGr7YyMIs25U15ufn","displayCount":3,"dismissCount":6,"firstDisplayDate":"2026-01-14T20:12:23Z","lastDisplayDate":"2026-01-14T20:13:00Z","firstDismissDate":"2026-01-14T20:12:27Z","lastDismissDate":"2026-01-14T20:13:41Z","lastSessionNumber":1,"convertedDates":[],"campaigns":[]},"pres_anQdvWk4xRQ8shsf1tK3K3SLLXOKjz":{"vendorId":"and_dashboard_paywall","internalId":"pres_anQdvWk4xRQ8shsf1tK3K3SLLXOKjz","displayCount":1,"dismissCount":1,"firstDisplayDate":"2026-01-14T20:13:41Z","lastDisplayDate":"2026-01-14T20:13:41Z","firstDismissDate":"2026-01-14T20:13:56Z","lastDismissDate":"2026-01-14T20:13:56Z","lastSessionNumber":1,"convertedDates":[],"campaigns":[]}},"placements":{"plac_CakLeupNHNeenzaE4BW0vwNrCqrYj45":{"vendorId":"and_optin","internalId":"plac_CakLeupNHNeenzaE4BW0vwNrCqrYj45","displayCount":3,"dismissCount":6,"lastDisplayDate":"2026-01-14T20:13:00Z","audiences":[],"abTests":[],"screens":["pres_ShoFGAZxgLY3GS7YGr7YyMIs25U15ufn","and_optin_v2_timeline"],"campaigns":[]},"plac_khH77njf5AQOXUAWyagGuDmY7eXeZJ2Y":{"vendorId":"and_dashboard_paywall","internalId":"plac_khH77njf5AQOXUAWyagGuDmY7eXeZJ2Y","displayCount":1,"dismissCount":1,"lastDisplayDate":"2026-01-14T20:13:41Z","audiences":[],"abTests":[],"screens":["pres_anQdvWk4xRQ8shsf1tK3K3SLLXOKjz"],"campaigns":[]}},"campaigns":{}}