<?xml version='1.0' encoding='utf-8' standalone='yes' ?>
<map>
    <string name="prev_event_name">trial_cta_button_click</string>
    <boolean name="didSendRevenueTriggerOnLastBackground" value="false" />
    <long name="prev_event_timestamp" value="1768421573969" />
    <int name="appsFlyerInAppEventCount" value="2" />
    <long name="prev_session_dur" value="1" />
    <long name="af_rc_max_age" value="86400" />
    <boolean name="ddl_sent" value="true" />
    <string name="sentSuccessfully">true</string>
    <string name="af_remote_config">eyJmZWF0dXJlcyI6e30sInZlciI6ImRlZmF1bHQudjEuMTYzNzE0OTUyOSJ9</string>
    <int name="versionCode" value="111101" />
    <string name="savedProperties">{&quot;uid&quot;:&quot;1768421530735-1645605529015428936&quot;,&quot;logLevel&quot;:&quot;0&quot;,&quot;additionalCustomData&quot;:&quot;{\&quot;onesignalCustomerId\&quot;:\&quot;GBA55E01453534D6A0AEC52B75FCFAC4A\&quot;}&quot;}</string>
    <string name="AF_INSTALLATION">1768421530735-1645605529015428936</string>
    <boolean name="afUninstallToken_queued" value="false" />
    <int name="appsFlyerCount" value="5" />
    <long name="af_rc_timestamp" value="1768421531042" />
    <long name="AppsFlyerTimePassedSincePrevLaunch" value="1768421576011" />
    <boolean name="newGPReferrerSent" value="true" />
    <string name="first_launch">{&quot;net&quot;:1819,&quot;from_fg&quot;:1749,&quot;start_with&quot;:&quot;application&quot;,&quot;init_to_fg&quot;:884}</string>
    <string name="appsFlyerFirstInstall"></string>
    <string name="attributionId">{&quot;install_time&quot;:&quot;2026-01-14 20:12:18.666&quot;,&quot;af_message&quot;:&quot;organic install&quot;,&quot;af_status&quot;:&quot;Organic&quot;,&quot;is_first_launch&quot;:false}</string>
</map>
