<?xml version='1.0' encoding='utf-8' standalone='yes' ?>
<map>
    <long name="first_open_time" value="1768421529380" />
    <string name="gmp_app_id">1:821760748138:android:7e3e4a7c0cd49227</string>
    <string name="app_instance_id">3d76458ed52e83ff3433357433e46158</string>
    <long name="session_id" value="1768421530" />
    <boolean name="app_backgrounded" value="false" />
    <long name="health_monitor:start" value="1768421530475" />
    <boolean name="use_service" value="true" />
    <string name="non_personalized_ads">false</string>
    <boolean name="deferred_analytics_collection" value="false" />
    <int name="consent_source" value="-20" />
    <string name="consent_settings">G111</string>
    <string name="previous_os_version">15</string>
    <boolean name="has_been_opened" value="true" />
    <boolean name="allow_remote_dynamite" value="true" />
    <long name="last_pause_time" value="1768421724571" />
    <string name="dma_consent_settings">-20:1</string>
    <boolean name="start_new_session" value="false" />
</map>
