<?xml version='1.0' encoding='utf-8' standalone='yes' ?>
<map>
    <string name="com.anchorfree.eliteuserdevices.KEY_USER_DEVICES">[{&quot;platform&quot;:&quot;ANDROID&quot;,&quot;hash&quot;:&quot;GBA55E01453534D6A0AEC52B75FCFAC4A&quot;,&quot;isCurrentDevice&quot;:true,&quot;model&quot;:&quot;realme 5&quot;,&quot;brand&quot;:&quot;realme&quot;,&quot;lastSignIn&quot;:1768421617000,&quot;country&quot;:&quot;IN&quot;}]</string>
    <string name="com.anchorfree.connectionpreferences.ConnectionStorage.last_vpn_state">&quot;IDLE&quot;</string>
    <string name="com.anchorfree.experiments.FirebaseExperimentsRepository.FIREBASE_EXPERIMENT_KEY">{}</string>
    <int name="com.anchorfree.prefs.CommonPreferences.app_launch_count" value="4" />
    <string name="com.anchorfree.appsflyertracking.SENT_APPS_FLYER_DATA">{&quot;appsFlyerId&quot;:&quot;1768421530735-1645605529015428936&quot;,&quot;isAidShareable&quot;:true}</string>
    <boolean name="com.anchorfree.prefs.CommonPreferences.google_ad_id_trackable" value="true" />
    <long name="TIME_WALL_TIME_LEFT_KEY" value="0" />
    <string name="com.anchorfree.PREVIOUS_SENT_EVENT">{&quot;start_on_launch&quot;:false,&quot;disconnect_on_sleep&quot;:false,&quot;trusted_wifi_networks&quot;:0,&quot;auto_protect_unsecured_wifi&quot;:false,&quot;auto_protect_secured_wifi&quot;:false,&quot;auto_protect_cell_networks&quot;:false,&quot;app_appearance&quot;:&quot;dark&quot;}</string>
    <long name="com.anchorfree.prefs.CommonPreferences.first_launch_time" value="1768421529836" />
    <int name="com.anchorfree.privacypolicy.privacy_consent_state" value="1" />
    <string name="com.anchorfree.prefs.CommonPreferences.google_ad_id">799efc6c-dd00-40db-80e0-e970a8a89845</string>
    <float name="com.anchorfree.userlocationrepository.LocationPreferencesRepository.KEY_LAST_KNOWN_LOCATION_LON" value="77.4337" />
    <boolean name="RewardedActionsRepositoryImpl.ROBO_SHIELD_REWARD_AVAILABLE" value="true" />
    <string name="com.anchorfree.eliteauth.EliteUserUserStorageuser_status">{&quot;user_status&quot;:{&quot;package_details&quot;:[{&quot;id&quot;:&quot;ELITE&quot;,&quot;is_active&quot;:true,&quot;expiration_time_ms&quot;:1769037044000}],&quot;login&quot;:&quot;yerolih432@xspiel.com&quot;,&quot;devices_max&quot;:10,&quot;devices_used&quot;:1,&quot;devices_max_premium&quot;:10,&quot;is_anonymous&quot;:false,&quot;is_on_hold&quot;:false,&quot;is_in_grace_period&quot;:false,&quot;created_at&quot;:1768421441000,&quot;pango_bundle_config&quot;:{&quot;banner_text&quot;:&quot;&quot;,&quot;header_title&quot;:&quot;&quot;,&quot;header_subtitle&quot;:&quot;&quot;,&quot;test_groups&quot;:[],&quot;applications&quot;:[],&quot;first_step_text&quot;:&quot;&quot;,&quot;last_step_text&quot;:&quot;&quot;,&quot;bottom_cta_text&quot;:&quot;&quot;},&quot;auth_magic_link&quot;:&quot;&quot;,&quot;id&quot;:&quot;&quot;,&quot;support_enabled&quot;:true,&quot;warning&quot;:&quot;&quot;,&quot;partner_ads&quot;:[],&quot;flags&quot;:68158496,&quot;status_json&quot;:&quot;{\&quot;auth_magic_link\&quot;:\&quot;\&quot;,\&quot;created_at\&quot;:1768421441000,\&quot;devices_max\&quot;:10,\&quot;devices_max_premium\&quot;:10,\&quot;devices_used\&quot;:1,\&quot;experiments\&quot;:{},\&quot;flags\&quot;:68158496,\&quot;is_anonymous\&quot;:false,\&quot;in_grace_period\&quot;:false,\&quot;is_on_hold\&quot;:false,\&quot;login\&quot;:\&quot;yerolih432@xspiel.com\&quot;,\&quot;package_details\&quot;:[{\&quot;expiration_date\&quot;:1769037044000,\&quot;id\&quot;:1,\&quot;is_active\&quot;:true,\&quot;is_lifetime\&quot;:false}],\&quot;pango_bundle_config\&quot;:{\&quot;applications\&quot;:[],\&quot;banner_text\&quot;:\&quot;\&quot;,\&quot;bottom_cta_text\&quot;:\&quot;\&quot;,\&quot;bundle_type\&quot;:\&quot;UNKNOWN\&quot;,\&quot;first_step_text\&quot;:\&quot;\&quot;,\&quot;header_subtitle\&quot;:\&quot;\&quot;,\&quot;header_title\&quot;:\&quot;\&quot;,\&quot;last_step_text\&quot;:\&quot;\&quot;,\&quot;test_groups\&quot;:[]},\&quot;partner_ads\&quot;:[],\&quot;support_enabled\&quot;:true,\&quot;warning\&quot;:\&quot;\&quot;,\&quot;webkit_triggers\&quot;:[]}&quot;}}</string>
    <set name="com.anchorfree.seenfeaturesrepository.SeenFeaturesRepositoryImpl.seen_features">
        <string></string>
        <string>SPLIT_TUNNELING_MODE_FEATURE_ID</string>
    </set>
    <string name="com.anchorfree.userlocationrepository.LocationPreferencesRepository.KEY_IP_COUNTRY">IN</string>
    <string name="com.anchorfree.hermes.HermesExperimentsRepository.HermesExperimentsRepository">{&quot;AND_6570_SmartSegmentation&quot;:&quot;B&quot;,&quot;AND-10310-timewall-ux&quot;:&quot;B&quot;}</string>
    <string name="com.anchorfree.connectionpreferences.ConnectionStorage.active_vpn_state">{&quot;vpnParams&quot;:{&quot;gprReason&quot;:&quot;a_other&quot;,&quot;sourceApp&quot;:&quot;&quot;,&quot;appPolicy&quot;:{&quot;policy&quot;:0,&quot;appList&quot;:[]}},&quot;splitTunnelingWebsites&quot;:{&quot;type&quot;:&quot;OFF&quot;,&quot;urls&quot;:[]}}</string>
    <float name="com.anchorfree.userlocationrepository.LocationPreferencesRepository.KEY_LAST_KNOWN_LOCATION_LAT" value="28.6677" />
    <boolean name="SHOW_TIME_WALL_IF_AVAILABLE_KEY" value="false" />
    <boolean name="com.anchorfree.prefs.KEY_NEW_FREE_ACCESS_LOCATIONS_SHOWN" value="true" />
    <boolean name="install_referrer_data_was_retrieved" value="true" />
    <boolean name="com.anchorfree.ads.usecase.ShouldDisplayAdUseCaseImpl.CachedValue" value="false" />
    <boolean name="com.anchorfree.eliteauth.EliteUserUserStoragepending_user_update" value="false" />
    <string name="com.anchorfree.deviceinfo.DeviceHashSource.device_id">GBA55E01453534D6A0AEC52B75FCFAC4A</string>
    <long name="TIME_WALL_MAX_TIME_KEY" value="0" />
    <int name="com.anchorfree.prefs.APP_VERSION" value="111101" />
    <string name="ConnectionRatingSurveyHermesRepository.survey">{&quot;surveyId&quot;:&quot;hss_android_connection_rating_survey_default_google_403&quot;,&quot;rootAction&quot;:{&quot;id&quot;:&quot;survey&quot;,&quot;title&quot;:&quot;&quot;,&quot;order&quot;:0,&quot;message&quot;:&quot;What went wrong?&quot;,&quot;children&quot;:[{&quot;id&quot;:&quot;google_403&quot;,&quot;title&quot;:&quot;What went wrong with Google?&quot;,&quot;order&quot;:0,&quot;message&quot;:&quot;I have issues with Google&quot;,&quot;children&quot;:[{&quot;id&quot;:&quot;access_other&quot;,&quot;title&quot;:&quot;&quot;,&quot;order&quot;:4,&quot;message&quot;:&quot;Other&quot;,&quot;children&quot;:[{&quot;id&quot;:&quot;access_feedback&quot;,&quot;title&quot;:&quot;How can we help?&quot;,&quot;order&quot;:0,&quot;message&quot;:&quot;Please tell us about your experience, and we will do our best to fix it.&quot;,&quot;children&quot;:[],&quot;type&quot;:&quot;FORM&quot;}],&quot;type&quot;:&quot;QUESTION&quot;},{&quot;id&quot;:&quot;403_error&quot;,&quot;title&quot;:&quot;&quot;,&quot;order&quot;:0,&quot;message&quot;:&quot;I get the 403 error&quot;,&quot;children&quot;:[],&quot;type&quot;:&quot;QUESTION&quot;},{&quot;id&quot;:&quot;page_doesnt_open&quot;,&quot;title&quot;:&quot;&quot;,&quot;order&quot;:1,&quot;message&quot;:&quot;The page doesn’t open at all&quot;,&quot;children&quot;:[],&quot;type&quot;:&quot;QUESTION&quot;},{&quot;id&quot;:&quot;captcha&quot;,&quot;title&quot;:&quot;&quot;,&quot;order&quot;:2,&quot;message&quot;:&quot;Google gives me Captcha&quot;,&quot;children&quot;:[],&quot;type&quot;:&quot;QUESTION&quot;},{&quot;id&quot;:&quot;incorrect_location&quot;,&quot;title&quot;:&quot;&quot;,&quot;order&quot;:3,&quot;message&quot;:&quot;Google identifies my location incorrectly&quot;,&quot;children&quot;:[],&quot;type&quot;:&quot;QUESTION&quot;}],&quot;type&quot;:&quot;QUESTION&quot;},{&quot;id&quot;:&quot;access&quot;,&quot;title&quot;:&quot;What were you trying to access?&quot;,&quot;order&quot;:1,&quot;message&quot;:&quot;Could not access sites/apps&quot;,&quot;children&quot;:[{&quot;id&quot;:&quot;other_access&quot;,&quot;title&quot;:&quot;&quot;,&quot;order&quot;:8,&quot;message&quot;:&quot;Other&quot;,&quot;children&quot;:[{&quot;id&quot;:&quot;feedback&quot;,&quot;title&quot;:&quot;How can we help?&quot;,&quot;order&quot;:0,&quot;message&quot;:&quot;Please tell us about your experience, and we will do our best to fix it.&quot;,&quot;children&quot;:[],&quot;type&quot;:&quot;FORM&quot;}],&quot;type&quot;:&quot;QUESTION&quot;},{&quot;id&quot;:&quot;google&quot;,&quot;title&quot;:&quot;&quot;,&quot;order&quot;:1,&quot;message&quot;:&quot;Google&quot;,&quot;children&quot;:[],&quot;type&quot;:&quot;QUESTION&quot;},{&quot;id&quot;:&quot;facebook&quot;,&quot;title&quot;:&quot;&quot;,&quot;order&quot;:2,&quot;message&quot;:&quot;Facebook&quot;,&quot;children&quot;:[],&quot;type&quot;:&quot;QUESTION&quot;},{&quot;id&quot;:&quot;tik_tok&quot;,&quot;title&quot;:&quot;&quot;,&quot;order&quot;:3,&quot;message&quot;:&quot;TikTok&quot;,&quot;children&quot;:[],&quot;type&quot;:&quot;QUESTION&quot;},{&quot;id&quot;:&quot;instagram&quot;,&quot;title&quot;:&quot;&quot;,&quot;order&quot;:4,&quot;message&quot;:&quot;Instagram&quot;,&quot;children&quot;:[],&quot;type&quot;:&quot;QUESTION&quot;},{&quot;id&quot;:&quot;zoom&quot;,&quot;title&quot;:&quot;&quot;,&quot;order&quot;:5,&quot;message&quot;:&quot;Zoom&quot;,&quot;children&quot;:[],&quot;type&quot;:&quot;QUESTION&quot;},{&quot;id&quot;:&quot;whatsapp&quot;,&quot;title&quot;:&quot;&quot;,&quot;order&quot;:6,&quot;message&quot;:&quot;WhatsApp&quot;,&quot;children&quot;:[],&quot;type&quot;:&quot;QUESTION&quot;},{&quot;id&quot;:&quot;slack&quot;,&quot;title&quot;:&quot;&quot;,&quot;order&quot;:7,&quot;message&quot;:&quot;Slack&quot;,&quot;children&quot;:[],&quot;type&quot;:&quot;QUESTION&quot;}],&quot;type&quot;:&quot;QUESTION&quot;},{&quot;id&quot;:&quot;slow&quot;,&quot;title&quot;:&quot;&quot;,&quot;order&quot;:2,&quot;message&quot;:&quot;Slow speed&quot;,&quot;children&quot;:[],&quot;type&quot;:&quot;QUESTION&quot;},{&quot;id&quot;:&quot;stream&quot;,&quot;title&quot;:&quot;What are you trying to stream?&quot;,&quot;order&quot;:3,&quot;message&quot;:&quot;Could not stream&quot;,&quot;children&quot;:[{&quot;id&quot;:&quot;netflix&quot;,&quot;title&quot;:&quot;&quot;,&quot;order&quot;:0,&quot;message&quot;:&quot;Netflix&quot;,&quot;children&quot;:[],&quot;type&quot;:&quot;QUESTION&quot;},{&quot;id&quot;:&quot;hulu&quot;,&quot;title&quot;:&quot;&quot;,&quot;order&quot;:1,&quot;message&quot;:&quot;Hulu&quot;,&quot;children&quot;:[],&quot;type&quot;:&quot;QUESTION&quot;},{&quot;id&quot;:&quot;disney&quot;,&quot;title&quot;:&quot;&quot;,&quot;order&quot;:2,&quot;message&quot;:&quot;Disney+&quot;,&quot;children&quot;:[],&quot;type&quot;:&quot;QUESTION&quot;},{&quot;id&quot;:&quot;youtube&quot;,&quot;title&quot;:&quot;&quot;,&quot;order&quot;:3,&quot;message&quot;:&quot;Youtube&quot;,&quot;children&quot;:[],&quot;type&quot;:&quot;QUESTION&quot;},{&quot;id&quot;:&quot;prime&quot;,&quot;title&quot;:&quot;&quot;,&quot;order&quot;:4,&quot;message&quot;:&quot;Amazon Prime&quot;,&quot;children&quot;:[],&quot;type&quot;:&quot;QUESTION&quot;},{&quot;id&quot;:&quot;hbo&quot;,&quot;title&quot;:&quot;&quot;,&quot;order&quot;:5,&quot;message&quot;:&quot;HBO&quot;,&quot;children&quot;:[],&quot;type&quot;:&quot;QUESTION&quot;},{&quot;id&quot;:&quot;others&quot;,&quot;title&quot;:&quot;&quot;,&quot;order&quot;:6,&quot;message&quot;:&quot;Others&quot;,&quot;children&quot;:[{&quot;id&quot;:&quot;feedback&quot;,&quot;title&quot;:&quot;How can we help?&quot;,&quot;order&quot;:0,&quot;message&quot;:&quot;Please tell us which streaming services you have experienced an issue with, and we will do our best to fix it.&quot;,&quot;children&quot;:[],&quot;type&quot;:&quot;FORM&quot;}],&quot;type&quot;:&quot;QUESTION&quot;}],&quot;type&quot;:&quot;QUESTION&quot;},{&quot;id&quot;:&quot;location&quot;,&quot;title&quot;:&quot;Where do you check geo location at?&quot;,&quot;order&quot;:4,&quot;message&quot;:&quot;Wrong location&quot;,&quot;children&quot;:[{&quot;id&quot;:&quot;google&quot;,&quot;title&quot;:&quot;&quot;,&quot;order&quot;:0,&quot;message&quot;:&quot;In google.com&quot;,&quot;children&quot;:[],&quot;type&quot;:&quot;QUESTION&quot;},{&quot;id&quot;:&quot;youtube&quot;,&quot;title&quot;:&quot;&quot;,&quot;order&quot;:1,&quot;message&quot;:&quot;In youtube.com&quot;,&quot;children&quot;:[],&quot;type&quot;:&quot;QUESTION&quot;},{&quot;id&quot;:&quot;maxmind&quot;,&quot;title&quot;:&quot;&quot;,&quot;order&quot;:2,&quot;message&quot;:&quot;In maxmind.com&quot;,&quot;children&quot;:[],&quot;type&quot;:&quot;QUESTION&quot;},{&quot;id&quot;:&quot;whatismyipaddress&quot;,&quot;title&quot;:&quot;&quot;,&quot;order&quot;:3,&quot;message&quot;:&quot;In whatismyipaddress.com&quot;,&quot;children&quot;:[],&quot;type&quot;:&quot;QUESTION&quot;},{&quot;id&quot;:&quot;others&quot;,&quot;title&quot;:&quot;&quot;,&quot;order&quot;:4,&quot;message&quot;:&quot;In other apps&quot;,&quot;children&quot;:[{&quot;id&quot;:&quot;feedback&quot;,&quot;title&quot;:&quot;How can we help?&quot;,&quot;order&quot;:0,&quot;message&quot;:&quot;Please tell us which applications you have experienced wrong location issue with, and we will do our best to fix it.&quot;,&quot;children&quot;:[],&quot;type&quot;:&quot;FORM&quot;}],&quot;type&quot;:&quot;QUESTION&quot;}],&quot;type&quot;:&quot;QUESTION&quot;},{&quot;id&quot;:&quot;other&quot;,&quot;title&quot;:&quot;&quot;,&quot;order&quot;:5,&quot;message&quot;:&quot;Other&quot;,&quot;children&quot;:[{&quot;id&quot;:&quot;feedback&quot;,&quot;title&quot;:&quot;How can we help?&quot;,&quot;order&quot;:0,&quot;message&quot;:&quot;Please tell us about your experience, and we will do our best to fix it.&quot;,&quot;children&quot;:[],&quot;type&quot;:&quot;FORM&quot;}],&quot;type&quot;:&quot;QUESTION&quot;}],&quot;type&quot;:&quot;QUESTION&quot;},&quot;settings&quot;:{&quot;showFrequency&quot;:2147483647,&quot;minTimeOffset&quot;:0}}</string>
    <float name="com.anchorfree.connectionpreferences.ConnectionStorage.peak_speed" value="0.0" />
    <boolean name="com.anchorfree.prefs.CommonPreferences.second_optin" value="true" />
    <long name="com.anchorfree.userlocationrepository.LocationPreferencesRepository.KEY_LAST_KNOWN_LOCATION_TIME" value="1768421533801" />
    <long name="policy_shown_timestamp" value="1768421540659" />
    <boolean name="com.anchorfree.prefs.CommonPreferences.first_optin" value="true" />
    <string name="KEY_SELECTED_VIRTUAL_LOCATION">{&quot;locationCode&quot;:&quot;USAUTO&quot;,&quot;countryCode&quot;:&quot;US&quot;,&quot;title&quot;:&quot;Optimal&quot;,&quot;description&quot;:&quot;Best for general browsing at up to 1 Gbps&quot;,&quot;city&quot;:&quot;&quot;,&quot;isAutoLocation&quot;:true,&quot;isSpecialLocation&quot;:true,&quot;isAvailableToFreeUser&quot;:true,&quot;isAvailableToMultiHop&quot;:false,&quot;isMainCountryLocation&quot;:true}</string>
    <boolean name="com.anchorfree.userconsentrepository.AdsConsentRepository.KEY_CAN_REQUEST_APP_START_ADS" value="true" />
    <boolean name="com.anchorfree.prefs.CommonPreferences.first_launch" value="false" />
    <string name="com.anchorfree.hermes.HermesProductRepository.product_list_1">[{&quot;id&quot;:&quot;and_hss_365_71.99_promo&quot;,&quot;currency&quot;:&quot;INR&quot;,&quot;priceTotal&quot;:&quot;₹7,000.00&quot;,&quot;priceTotalRaw&quot;:7000.0,&quot;pricePerMonth&quot;:&quot;₹583.33&quot;,&quot;pricePerMonthRaw&quot;:583.33,&quot;discountPercent&quot;:&quot;42&quot;,&quot;savePercent&quot;:&quot;42%&quot;,&quot;screens&quot;:[],&quot;order&quot;:5,&quot;batchId&quot;:0,&quot;vendorId&quot;:&quot;GOOGLE_PLAY&quot;,&quot;vendorPlanId&quot;:0,&quot;type&quot;:&quot;ELITE&quot;,&quot;paymentType&quot;:&quot;SUBSCRIPTION&quot;,&quot;durationUnit&quot;:&quot;YEAR&quot;,&quot;durationUnitsNum&quot;:1,&quot;isMostPopular&quot;:false,&quot;isBestPrice&quot;:false,&quot;isOptinTrial&quot;:false,&quot;optinTrialDurationUnit&quot;:&quot;LIFETIME&quot;,&quot;optinTrialDurationUnitsNum&quot;:0,&quot;introDurationUnit&quot;:&quot;LIFETIME&quot;,&quot;offerToken&quot;:&quot;&quot;,&quot;isIntroProduct&quot;:false,&quot;productSequenceType&quot;:&quot;&quot;,&quot;availableOffers&quot;:[],&quot;priceTotalRawDefault&quot;:71.99},{&quot;id&quot;:&quot;and_hss_365_71.99_promo&quot;,&quot;currency&quot;:&quot;INR&quot;,&quot;priceTotal&quot;:&quot;₹7,000.00&quot;,&quot;priceTotalRaw&quot;:7000.0,&quot;pricePerMonth&quot;:&quot;₹583.33&quot;,&quot;pricePerMonthRaw&quot;:583.33,&quot;discountPercent&quot;:&quot;42&quot;,&quot;savePercent&quot;:&quot;42%&quot;,&quot;screens&quot;:[],&quot;order&quot;:8,&quot;batchId&quot;:0,&quot;vendorId&quot;:&quot;GOOGLE_PLAY&quot;,&quot;vendorPlanId&quot;:0,&quot;type&quot;:&quot;ELITE&quot;,&quot;paymentType&quot;:&quot;SUBSCRIPTION&quot;,&quot;durationUnit&quot;:&quot;YEAR&quot;,&quot;durationUnitsNum&quot;:1,&quot;isMostPopular&quot;:false,&quot;isBestPrice&quot;:false,&quot;isOptinTrial&quot;:false,&quot;optinTrialDurationUnit&quot;:&quot;LIFETIME&quot;,&quot;optinTrialDurationUnitsNum&quot;:0,&quot;introDurationUnit&quot;:&quot;LIFETIME&quot;,&quot;offerToken&quot;:&quot;&quot;,&quot;isIntroProduct&quot;:false,&quot;productSequenceType&quot;:&quot;&quot;,&quot;availableOffers&quot;:[],&quot;priceTotalRawDefault&quot;:71.99},{&quot;id&quot;:&quot;and_hss_365_79.99_7_trial&quot;,&quot;currency&quot;:&quot;INR&quot;,&quot;priceTotal&quot;:&quot;₹7,800.00&quot;,&quot;priceTotalRaw&quot;:7800.0,&quot;pricePerMonth&quot;:&quot;₹650.00&quot;,&quot;pricePerMonthRaw&quot;:650.0,&quot;discountPercent&quot;:&quot;35&quot;,&quot;savePercent&quot;:&quot;35%&quot;,&quot;screens&quot;:[],&quot;order&quot;:9,&quot;batchId&quot;:0,&quot;vendorId&quot;:&quot;GOOGLE_PLAY&quot;,&quot;vendorPlanId&quot;:0,&quot;type&quot;:&quot;ELITE&quot;,&quot;paymentType&quot;:&quot;SUBSCRIPTION&quot;,&quot;durationUnit&quot;:&quot;YEAR&quot;,&quot;durationUnitsNum&quot;:1,&quot;isMostPopular&quot;:false,&quot;isBestPrice&quot;:false,&quot;isOptinTrial&quot;:true,&quot;optinTrialDurationUnit&quot;:&quot;WEEK&quot;,&quot;optinTrialDurationUnitsNum&quot;:1,&quot;introPrice&quot;:&quot;₹0.00&quot;,&quot;introPriceRaw&quot;:0.0,&quot;introDurationUnit&quot;:&quot;WEEK&quot;,&quot;introDurationUnitNum&quot;:1,&quot;offerToken&quot;:&quot;&quot;,&quot;isIntroProduct&quot;:true,&quot;productSequenceType&quot;:&quot;&quot;,&quot;availableOffers&quot;:[],&quot;priceTotalRawDefault&quot;:79.99},{&quot;id&quot;:&quot;and_hss_30_9.99&quot;,&quot;currency&quot;:&quot;INR&quot;,&quot;priceTotal&quot;:&quot;₹990.00&quot;,&quot;priceTotalRaw&quot;:990.0,&quot;pricePerMonth&quot;:&quot;₹990.00&quot;,&quot;pricePerMonthRaw&quot;:990.0,&quot;discountPercent&quot;:&quot;0&quot;,&quot;screens&quot;:[],&quot;order&quot;:10,&quot;batchId&quot;:0,&quot;vendorId&quot;:&quot;GOOGLE_PLAY&quot;,&quot;vendorPlanId&quot;:0,&quot;type&quot;:&quot;ELITE&quot;,&quot;paymentType&quot;:&quot;SUBSCRIPTION&quot;,&quot;durationUnit&quot;:&quot;MONTH&quot;,&quot;durationUnitsNum&quot;:1,&quot;isMostPopular&quot;:false,&quot;isBestPrice&quot;:false,&quot;isOptinTrial&quot;:false,&quot;optinTrialDurationUnit&quot;:&quot;LIFETIME&quot;,&quot;optinTrialDurationUnitsNum&quot;:0,&quot;introDurationUnit&quot;:&quot;LIFETIME&quot;,&quot;offerToken&quot;:&quot;&quot;,&quot;isIntroProduct&quot;:false,&quot;productSequenceType&quot;:&quot;&quot;,&quot;availableOffers&quot;:[],&quot;priceTotalRawDefault&quot;:9.99},{&quot;id&quot;:&quot;and_hss_30_9.99_7_trial&quot;,&quot;currency&quot;:&quot;INR&quot;,&quot;priceTotal&quot;:&quot;₹990.00&quot;,&quot;priceTotalRaw&quot;:990.0,&quot;pricePerMonth&quot;:&quot;₹990.00&quot;,&quot;pricePerMonthRaw&quot;:990.0,&quot;discountPercent&quot;:&quot;0&quot;,&quot;screens&quot;:[],&quot;order&quot;:11,&quot;batchId&quot;:0,&quot;vendorId&quot;:&quot;GOOGLE_PLAY&quot;,&quot;vendorPlanId&quot;:0,&quot;type&quot;:&quot;ELITE&quot;,&quot;paymentType&quot;:&quot;SUBSCRIPTION&quot;,&quot;durationUnit&quot;:&quot;MONTH&quot;,&quot;durationUnitsNum&quot;:1,&quot;isMostPopular&quot;:false,&quot;isBestPrice&quot;:false,&quot;isOptinTrial&quot;:true,&quot;optinTrialDurationUnit&quot;:&quot;WEEK&quot;,&quot;optinTrialDurationUnitsNum&quot;:1,&quot;introPrice&quot;:&quot;₹0.00&quot;,&quot;introPriceRaw&quot;:0.0,&quot;introDurationUnit&quot;:&quot;WEEK&quot;,&quot;introDurationUnitNum&quot;:1,&quot;offerToken&quot;:&quot;&quot;,&quot;isIntroProduct&quot;:true,&quot;productSequenceType&quot;:&quot;&quot;,&quot;availableOffers&quot;:[],&quot;priceTotalRawDefault&quot;:9.99},{&quot;id&quot;:&quot;and_hss_365_79.99_promo&quot;,&quot;currency&quot;:&quot;INR&quot;,&quot;priceTotal&quot;:&quot;₹7,900.00&quot;,&quot;priceTotalRaw&quot;:7900.0,&quot;pricePerMonth&quot;:&quot;₹658.33&quot;,&quot;pricePerMonthRaw&quot;:658.33,&quot;discountPercent&quot;:&quot;34&quot;,&quot;savePercent&quot;:&quot;34%&quot;,&quot;screens&quot;:[],&quot;order&quot;:1007,&quot;batchId&quot;:0,&quot;vendorId&quot;:&quot;GOOGLE_PLAY&quot;,&quot;vendorPlanId&quot;:0,&quot;type&quot;:&quot;ELITE&quot;,&quot;paymentType&quot;:&quot;SUBSCRIPTION&quot;,&quot;durationUnit&quot;:&quot;YEAR&quot;,&quot;durationUnitsNum&quot;:1,&quot;isMostPopular&quot;:false,&quot;isBestPrice&quot;:false,&quot;isOptinTrial&quot;:false,&quot;optinTrialDurationUnit&quot;:&quot;LIFETIME&quot;,&quot;optinTrialDurationUnitsNum&quot;:0,&quot;introPrice&quot;:&quot;₹5,900.00&quot;,&quot;introPriceRaw&quot;:5900.0,&quot;introDurationUnit&quot;:&quot;YEAR&quot;,&quot;introDurationUnitNum&quot;:1,&quot;offerToken&quot;:&quot;&quot;,&quot;isIntroProduct&quot;:true,&quot;productSequenceType&quot;:&quot;&quot;,&quot;availableOffers&quot;:[],&quot;priceTotalRawDefault&quot;:79.99},{&quot;id&quot;:&quot;and_hss_365_39.99&quot;,&quot;currency&quot;:&quot;INR&quot;,&quot;priceTotal&quot;:&quot;₹3,950.00&quot;,&quot;priceTotalRaw&quot;:3950.0,&quot;pricePerMonth&quot;:&quot;₹329.17&quot;,&quot;pricePerMonthRaw&quot;:329.17,&quot;discountPercent&quot;:&quot;67&quot;,&quot;savePercent&quot;:&quot;67%&quot;,&quot;screens&quot;:[],&quot;order&quot;:1008,&quot;batchId&quot;:0,&quot;vendorId&quot;:&quot;GOOGLE_PLAY&quot;,&quot;vendorPlanId&quot;:0,&quot;type&quot;:&quot;ELITE&quot;,&quot;paymentType&quot;:&quot;SUBSCRIPTION&quot;,&quot;durationUnit&quot;:&quot;YEAR&quot;,&quot;durationUnitsNum&quot;:1,&quot;isMostPopular&quot;:false,&quot;isBestPrice&quot;:false,&quot;isOptinTrial&quot;:false,&quot;optinTrialDurationUnit&quot;:&quot;LIFETIME&quot;,&quot;optinTrialDurationUnitsNum&quot;:0,&quot;introDurationUnit&quot;:&quot;LIFETIME&quot;,&quot;offerToken&quot;:&quot;&quot;,&quot;isIntroProduct&quot;:false,&quot;productSequenceType&quot;:&quot;&quot;,&quot;availableOffers&quot;:[],&quot;priceTotalRawDefault&quot;:39.99}]</string>
</map>
