<?xml version='1.0' encoding='utf-8' standalone='yes' ?>
<map>
    <int name="pref_auto_import_retry_count" value="0" />
    <boolean name="pref_auto_import_done" value="false" />
    <boolean name="migration_completed" value="true" />
    <boolean name="ply_has_non_consumable" value="false" />
    <long name="pref_time_drift" value="0" />
    <set name="ply_intro_offer_eligible_plans_ids">
        <string>plan_Ozlh9NziIC562bxyNXUN8IKOaoiyeuRl</string>
        <string>plan_72ObyIDzXH0xlHY0SjMWgX2U3fBOm</string>
        <string>plan_a2U6DaSVgk7WnV1GeEIgKuxa0lrf4k</string>
        <string>plan_nCOamaXpVpqVpKPzQ5KQliWTWEWvU</string>
        <string>plan_5TajGK6CVhhYGIdK0r5APcfkdB6h2B</string>
        <string>plan_qX63IdOelrQabL0fc6lgOBwyMMHvie8M</string>
        <string>plan_FYVM94Cl7GX9xm5rnBgQbG3AHPNukM0</string>
    </set>
    <set name="ply_intro_offer_eligible_products_ids">
        <string>prod_7XYkEYcjBbeipKZOCXTb8a6sH6oCFfa0</string>
        <string>prod_g7t2WW1Noo05eG1KNfE2Yo8JNtPFudNs</string>
    </set>
    <string name="pref_anonymous_user_id">8b006994-505d-4c6b-b8ce-1545e0d0d937</string>
    <string name="pref_device_id">bd5ec690-5631-4395-ad28-ab2ed11356ca</string>
    <string name="ply_current_app_session_at">2026-01-14T20:12:17Z</string>
    <string name="pref_app_installed_at">2026-01-14T20:12:03Z</string>
    <boolean name="ply_has_expired_subscription" value="false" />
    <int name="ply_number_of_app_sessions" value="1" />
    <boolean name="pref_has_purchased" value="false" />
</map>
