<?xml version='1.0' encoding='utf-8' standalone='yes' ?>
<map>
    <string name="pref_device_id">bd5ec690-5631-4395-ad28-ab2ed11356ca</string>
    <set name="pref_tracked_events">
        <string>SUBSCRIPTION_DETAILS_VIEWED</string>
        <string>PLAN_SELECTED</string>
        <string>IN_APP_DEFERRED</string>
        <string>WEB_CHECKOUT_OPENED_IN_WEB_BROWSER</string>
        <string>SUBSCRIPTIONS_TRANSFERRED</string>
        <string>CAROUSEL_SLIDE_SWIPED</string>
        <string>APP_INSTALLED</string>
        <string>RECEIPT_FAILED</string>
        <string>OPTIONS_VALIDATED</string>
        <string>PURCHASE_CANCELLED_BY_APP</string>
        <string>PURCHASE_FROM_STORE_TAPPED</string>
        <string>RECEIPT_VALIDATED</string>
        <string>LOGIN_TAPPED</string>
        <string>APP_STARTED</string>
        <string>IN_APP_PURCHASING</string>
        <string>PURCHASE_TAPPED</string>
        <string>WEB_CHECKOUT_TAPPED</string>
        <string>APP_UPDATED</string>
        <string>SUBSCRIPTION_CONTENT_USED</string>
        <string>IN_APP_PURCHASE_FAILED</string>
        <string>IN_APP_PURCHASED</string>
        <string>PRESENTATION_CLOSED</string>
        <string>WEB_CHECKOUT_ERROR</string>
        <string>PRESENTATION_LOADED</string>
        <string>LINK_OPENED</string>
        <string>PRESENTATION_VIEWED</string>
        <string>SUBSCRIPTION_PLAN_TAPPED</string>
        <string>OPTIONS_SELECTED</string>
        <string>RECEIPT_CREATED</string>
        <string>RESTORE_SUCCEEDED</string>
        <string>CANCELLATION_REASON_PUBLISHED</string>
        <string>IN_APP_RESTORED</string>
        <string>PLACEMENT_OPENED</string>
        <string>WEB_CHECKOUT_TIMED_OUT</string>
        <string>PRESENTATION_SELECTED</string>
        <string>RESTORE_FAILED</string>
        <string>DEEPLINK_OPENED</string>
        <string>PURCHASE_CANCELLED</string>
        <string>RESTORE_STARTED</string>
        <string>PRESENTATION_OPENED</string>
        <string>PROMO_CODE_TAPPED</string>
        <string>RESTORE_TAPPED</string>
        <string>SUBSCRIPTIONS_LIST_VIEWED</string>
        <string>SUBSCRIPTION_CANCEL_TAPPED</string>
    </set>
    <int name="pref_auto_import_retry_count" value="0" />
    <boolean name="pref_auto_import_done" value="false" />
    <long name="pref_time_drift" value="0" />
    <string name="pref_app_installed_at">2026-01-14T20:12:03Z</string>
    <string name="pref_anonymous_user_id">8b006994-505d-4c6b-b8ce-1545e0d0d937</string>
    <long name="pref_client_version_code" value="111101" />
    <set name="pref_active_tokens" />
    <boolean name="pref_has_purchased" value="false" />
</map>
