<?xml version='1.0' encoding='utf-8' standalone='yes' ?>
<map>
    <string name="MODEL_STORE_operations">[]</string>
    <string name="MODEL_STORE_identity">[{&quot;onesignal_id&quot;:&quot;0d07eac4-c5e3-482a-a3d1-41c3e7e68a7b&quot;,&quot;external_id&quot;:&quot;GBA55E01453534D6A0AEC52B75FCFAC4A&quot;,&quot;id&quot;:&quot;-singleton-&quot;}]</string>
    <string name="PREFS_OS_OUTCOMES_CURRENT_SESSION">INDIRECT</string>
    <string name="MODEL_STORE_properties">[{&quot;onesignalId&quot;:&quot;0d07eac4-c5e3-482a-a3d1-41c3e7e68a7b&quot;,&quot;id&quot;:&quot;-singleton-&quot;,&quot;tags&quot;:{&quot;plan&quot;:&quot;premium&quot;}}]</string>
    <string name="MODEL_STORE_config">[{&quot;id&quot;:&quot;-singleton-&quot;,&quot;appId&quot;:&quot;95b851f4-3fee-40a0-8db2-b32df7663671&quot;,&quot;backgroundFetchNotificationPermissionInterval&quot;:86400000,&quot;pushSubscriptionId&quot;:&quot;04e34e0e-8a59-4f5b-bf36-ba464f130135&quot;,&quot;foregroundFetchNotificationPermissionInterval&quot;:1000,&quot;fcmParams&quot;:{},&quot;httpGetTimeout&quot;:60000,&quot;apiUrl&quot;:&quot;https:\/\/api.onesignal.com\/&quot;,&quot;opRepoExecutionInterval&quot;:5000,&quot;influenceParams&quot;:{&quot;indirectNotificationAttributionWindow&quot;:60,&quot;isUnattributedEnabled&quot;:true,&quot;indirectIAMAttributionWindow&quot;:1440,&quot;notificationLimit&quot;:10,&quot;isDirectEnabled&quot;:true,&quot;isIndirectEnabled&quot;:true},&quot;httpTimeout&quot;:120000,&quot;isInitializedWithRemote&quot;:true,&quot;notificationChannels&quot;:&quot;[{\&quot;chnl\&quot;:{\&quot;id\&quot;:\&quot;OS_7cf2f683-a64f-4034-ac03-bf44f3bb033f\&quot;,\&quot;nm\&quot;:\&quot;test channel\&quot;,\&quot;dscr\&quot;:\&quot;no description\&quot;,\&quot;grp_id\&quot;:\&quot;OS_f72b9dce-5c84-4e2a-8092-4f03d2071349\&quot;,\&quot;grp_nm\&quot;:\&quot;Test Group\&quot;}}]&quot;,&quot;googleProjectNumber&quot;:&quot;821760748138&quot;,&quot;enterprise&quot;:true,&quot;receiveReceiptEnabled&quot;:true}]</string>
    <set name="PREFS_OS_UNATTRIBUTED_UNIQUE_OUTCOME_EVENTS_SENT" />
    <string name="PREFS_OS_LAST_NOTIFICATIONS_RECEIVED">[{&quot;notification_id&quot;:&quot;202b07a2-53d4-5704-8edb-6aadb17744c5&quot;,&quot;time&quot;:1768421551477}]</string>
    <long name="OS_LAST_LOCATION_TIME" value="1768421760525" />
    <string name="MODEL_STORE_session">[{&quot;id&quot;:&quot;-singleton-&quot;,&quot;isValid&quot;:false,&quot;sessionId&quot;:&quot;923de5c0-f2c4-4d02-981f-dd91545b088a&quot;,&quot;startTime&quot;:1768421531211,&quot;focusTime&quot;:1768421578523,&quot;activeDuration&quot;:0}]</string>
    <string name="PREFS_OS_ETAG_PREFIX_CACHE_KEY_REMOTE_PARAMS">W/&quot;61ee4b8b68b8f1f8dc4a8c9a54bb0828&quot;</string>
    <string name="PREFS_OS_HTTP_CACHE_PREFIX_CACHE_KEY_REMOTE_PARAMS">{&quot;awl_list&quot;:{},&quot;android_sender_id&quot;:&quot;821760748138&quot;,&quot;chnl_lst&quot;:[{&quot;chnl&quot;:{&quot;id&quot;:&quot;OS_7cf2f683-a64f-4034-ac03-bf44f3bb033f&quot;,&quot;nm&quot;:&quot;test channel&quot;,&quot;dscr&quot;:&quot;no description&quot;,&quot;grp_id&quot;:&quot;OS_f72b9dce-5c84-4e2a-8092-4f03d2071349&quot;,&quot;grp_nm&quot;:&quot;Test Group&quot;}}],&quot;enterp&quot;:true,&quot;outcomes&quot;:{&quot;direct&quot;:{&quot;enabled&quot;:true},&quot;indirect&quot;:{&quot;notification_attribution&quot;:{&quot;minutes_since_displayed&quot;:60,&quot;limit&quot;:10},&quot;enabled&quot;:true},&quot;unattributed&quot;:{&quot;enabled&quot;:true}},&quot;receive_receipts_enable&quot;:true}</string>
    <string name="MODEL_STORE_subscriptions">[{&quot;id&quot;:&quot;04e34e0e-8a59-4f5b-bf36-ba464f130135&quot;,&quot;type&quot;:&quot;PUSH&quot;,&quot;optedIn&quot;:true,&quot;address&quot;:&quot;fAqVKiY5Sx6q0cv3dyj8qr:APA91bH3CvSuZlSo8oNCehl5JUwsfgzsUMOVlDsmM3rBfwFmt031Yl534h-08c6hxw67JtTFWp-MzuHedpfmQJILcmsLPCKOi-go4aReCWIiAcQtUvGUv8Y&quot;,&quot;status&quot;:&quot;SUBSCRIBED&quot;,&quot;sdk&quot;:&quot;050129&quot;,&quot;deviceOS&quot;:&quot;15&quot;,&quot;carrier&quot;:&quot;JIO 4G&quot;,&quot;appVersion&quot;:&quot;111101&quot;}]</string>
    <string name="PREFS_OS_INSTALL_ID">b01a9883-65d4-470d-9ce1-3859b2c94a25</string>
    <boolean name="USER_RESOLVED_PERMISSION_android.permission.POST_NOTIFICATIONS" value="true" />
</map>
