<?xml version='1.0' encoding='utf-8' standalone='yes' ?>
<map>
    <long name="first_open_time" value="1768224652920" />
    <string name="gmp_app_id">1:494597445014:android:779d79f75183bf65</string>
    <string name="app_instance_id">81bdf0163c684bbddb7249fad23a59c1</string>
    <long name="session_id" value="1768224653" />
    <boolean name="app_backgrounded" value="true" />
    <long name="health_monitor:start" value="1768224653595" />
    <boolean name="use_service" value="true" />
    <boolean name="deferred_analytics_collection" value="false" />
    <string name="previous_os_version">15</string>
    <boolean name="has_been_opened" value="true" />
    <boolean name="allow_remote_dynamite" value="true" />
    <long name="last_pause_time" value="1768224690466" />
    <boolean name="start_new_session" value="false" />
</map>
