<?xml version='1.0' encoding='utf-8' standalone='yes' ?>
<map>
    <set name="fire-cls/19.3.0 kotlin/2.1.21 device-name/lineage_r5x fire-installations/18.0.0 device-model/RMX1911 android-min-sdk/24 android-installer/ fire-fcm/23.1.2 device-brand/realme fire-analytics/21.5.1 fire-cls-ndk/19.3.0 fire-android/35 fire-core/21.0.0 fire-core-ktx/21.0.0 fire-sessions/2.0.1 android-platform/ fire-transport/18.1.8 android-target-sdk/36">
        <string>2026-01-12</string>
    </set>
    <long name="fire-count" value="1" />
    <string name="last-used-date">2026-01-12</string>
    <long name="fire-global" value="1768224653058" />
</map>
