<?xml version='1.0' encoding='utf-8' standalone='yes' ?>
<map>
    <string name="settings_location">/data/user/0/com.spotify.music/files/settings</string>
    <int name="PlayIntegrityPluginPreferences.DateVerified" value="12" />
    <string name="install_pai_preload_referrer"></string>
    <string name="pre-signup-experiment-request-id"></string>
    <boolean name="com.spotify.proactiveplatforms.npvwidget.KEY_PREFS_LOGGED_IN" value="true" />
    <string name="user-selected-language">en-IN</string>
    <long name="background_restrictions_next_scheduled_time" value="0" />
    <string name="installation_id">72mt1c3ntsa00cj177q0qqfbtt</string>
    <long name="key_date_first_launch" value="1768224671323" />
    <boolean name="android-media-session.media3_enabled" value="false" />
    <int name="engage_sdk_continuation_cluster_publish_status" value="9" />
    <int name="service_crash_count" value="0" />
    <int name="key_rater_plays_amount" value="1" />
    <long name="po-session-date" value="1768224671366" />
    <boolean name="data_saver_mode_android_enabled" value="false" />
    <boolean name="install_referrer_read" value="true" />
    <string name="premium_destination_download_exp_display_reason"></string>
    <int name="engage_sdk_recommendations_cluster_publish_status" value="9" />
    <string name="registration_install_attribution_referrer">utm_medium=organic&amp;utm_source=google-play</string>
    <boolean name="last_known_is_logged_out_status" value="false" />
    <long name="samsung_clock_nudge_earliest_time_nudge_can_show_timestamp" value="1768829471611" />
    <string name="branch_partner_id">0048cf11c27772518efa75bd49233c9beda2d01c83673cf9dfb096</string>
    <long name="branch_partner_id_cache_time_key" value="1768224672991" />
    <boolean name="enable_request_metrics" value="false" />
    <string name="event-sender-event-owner">312l6gkqsmtzyfdfjzaiqreyvatq</string>
    <string name="registration_app_attribution_referrer">bin.mt.plus.canary</string>
    <string name="crashlytics_user_id">312l6gkqsmtzyfdfjzaiqreyvatq</string>
    <string name="crashlytics_partner_id">00b1ee2ccc7a383e8666481cc40bc258a97a0c690cec660b9f00de</string>
    <string name="premium_destination_download_exp_image_uri"></string>
    <string name="current_push_token">e6jfMLkYQZO1lV4YulU8ln:APA91bHwXGZdd1ISlnTayEaIsVv2nsCojiuv6czd8yfqURyzdV4PdhN7Rog7d-tj_oR5QSZtoEfnHFTtjjx5Rw5eV2mm9AZtt7ArskI8m43jQbgs0CVauLM</string>
    <int name="deletion-policy" value="0" />
    <long name="registration_app_attribution_referrer_timestamp" value="1768224653889" />
    <string name="cache_location_v4">/storage/emulated/0/Android/data/com.spotify.music/files/spotifycache</string>
    <long name="wear.phoneonboardingtriggers.onboarding_enabled_key" value="1768224671160" />
    <string name="ADAPTIVE_AUTH_METADATA_AUTH_SOURCE">EMAIL</string>
    <int name="background_restrictions_times_shown" value="1" />
    <boolean name="NET_CAPABILITIES_VALIDATED_DISABLED" value="false" />
    <set name="limited_experience_indicator_key" />
</map>
