<?xml version='1.0' encoding='utf-8' standalone='yes' ?>
<map>
    <string name="preferred_locale_reporter_locale">en</string>
    <int name="ao_bottom_sheet_cache_version" value="1" />
    <int name="alexa_account_linking_nudge_attempt_count" value="1" />
    <boolean name="quickplay_taste_onboarding_completed" value="false" />
    <boolean name="YourLibraryX.follow_podcast_hint_dismissed" value="true" />
    <string name="google_partner_id">00e157520a7bc6f1f269206168a641e2c95a4a4ed766bb3112b7e4</string>
    <boolean name="YourLibraryX.create_playlist_hint_dismissed" value="true" />
</map>
